<?xml version="1.0" encoding="UTF-8"?>
<project-private xmlns="http://www.netbeans.org/ns/project-private/1">
    <editor-bookmarks xmlns="http://www.netbeans.org/ns/editor-bookmarks/2" lastBookmarkId="0"/>
    <open-files xmlns="http://www.netbeans.org/ns/projectui-open-files/2">
        <group>
            <file>file:/C:/Users/Julio/Documents/GitHub/MN_P1/mn_p1/src/mn_p1/interfaz.java</file>
            <file>file:/C:/Users/Julio/Documents/GitHub/MN_P1/mn_p1/src/mn_p1/JPanelConFondo.java</file>
            <file>file:/C:/Users/Julio/Documents/GitHub/MN_P1/mn_p1/src/recursos%20python/info.txt</file>
            <file>file:/C:/Users/Julio/Documents/GitHub/MN_P1/mn_p1/src/mn_p1/Mn_p1.java</file>
            <file>file:/C:/Users/Julio/Documents/GitHub/MN_P1/mn_p1/src/mn_p1/Imagen.java</file>
        </group>
    </open-files>
</project-private>
